{
  "dataset_split": "held-out test set",
  "test_rows": 418,
  "default_threshold": 0.5,
  "positive_class": {
    "value": 1,
    "label": "Obesity"
  },
  "confusion_matrix": {
    "true_negative": 202,
    "false_positive": 21,
    "false_negative": 18,
    "true_positive": 177
  },
  "threshold": 0.5,
  "accuracy": 0.9066985645933014,
  "precision": 0.8939393939393939,
  "recall": 0.9076923076923077,
  "f1_score": 0.9007633587786259,
  "roc_auc": 0.9466137748648958,
  "average_precision": 0.942000225506756,
  "brier_score": 0.08798069282871765
}